{
  "recall_by_k": {
    "1": 0.9666666666666667,
    "5": 1.0,
    "10": 1.0
  },
  "avg_times_ms": {
    "encode_ms": 39.14196666682983,
    "db_ms": 35.060373333241536,
    "total_ms": 74.22465666677454
  },
  "num_hits": 30,
  "num_eval": 30
}