{
  "recall_by_k": {
    "1": 0.9666666666666667,
    "5": 1.0,
    "10": 1.0
  },
  "avg_times_ms": {
    "encode_ms": 38.62449420036379,
    "db_ms": 13.312873433581748,
    "total_ms": 51.964664466261944
  },
  "num_hits": 30,
  "num_eval": 30
}