{
  "recall_by_k": {
    "1": 0.9333333333333333,
    "5": 1.0,
    "10": 1.0
  },
  "avg_times_ms": {
    "encode_ms": 43.33062299968636,
    "db_ms": 13.32640766656065,
    "total_ms": 56.68345069995363
  },
  "num_hits": 30,
  "num_eval": 30
}