{
  "recall_by_k": {
    "1": 0.9333333333333333,
    "5": 1.0,
    "10": 1.0
  },
  "avg_times_ms": {
    "encode_ms": 36.69282666639143,
    "db_ms": 37.799453333354904,
    "total_ms": 74.51467000003807
  },
  "num_hits": 30,
  "num_eval": 30
}