{
  "recall_by_k": {
    "1": 0.0,
    "5": 0.0,
    "10": 0.0
  },
  "avg_times_ms": {
    "encode_ms": 0.0,
    "db_ms": 436.9801433331304,
    "total_ms": 436.9883266666875
  },
  "num_hits": 0,
  "num_eval": 30
}