{
  "recall_by_k": {
    "1": 1.0,
    "5": 1.0,
    "10": 1.0
  },
  "avg_times_ms": {
    "encode_ms": 0.0,
    "db_ms": 324.0658054332016,
    "total_ms": 324.0905768662439
  },
  "num_hits": 30,
  "num_eval": 30
}