{
  "recall_by_k": {
    "1": 0.9333333333333333,
    "5": 1.0,
    "10": 1.0
  },
  "avg_times_ms": {
    "encode_ms": 42.53700179979205,
    "db_ms": 13.644999733151053,
    "total_ms": 56.20870376672732
  },
  "num_hits": 30,
  "num_eval": 30
}