{
  "recall_by_k": {
    "1": 0.9333333333333333,
    "5": 1.0,
    "10": 1.0
  },
  "avg_times_ms": {
    "encode_ms": 38.0284666668255,
    "db_ms": 34.00533666687503,
    "total_ms": 72.0550999999735
  },
  "num_hits": 30,
  "num_eval": 30
}