{
  "recall_by_k": {
    "1": 1.0,
    "5": 1.0,
    "10": 1.0
  },
  "avg_times_ms": {
    "encode_ms": 0.0,
    "db_ms": 322.7371405669449,
    "total_ms": 322.7612023335193
  },
  "num_hits": 30,
  "num_eval": 30
}